Date/Time,Username,Ip Address,Ip Country
Feb 22 07:13:00,admin,177.154.231.59,Brazil
Feb 22 08:06:25,ubnt,177.154.231.59,Brazil
Feb 22 08:56:11,admin,185.106.94.86,Russia
Feb 22 15:26:51,admin,185.106.92.118,Russia
Feb 22 17:31:32,oracle,54.83.13.100,United States
Feb 22 17:31:35,test,54.83.13.100,United States
Feb 22 17:54:36,FilipeLascas,193.137.135.2,Portugal
Feb 22 17:59:39,andr,193.137.135.2,Portugal
Feb 22 18:05:21,oracle,54.83.13.100,United States
Feb 22 18:05:24,test,54.83.13.100,United States
Feb 22 18:23:59,oracle,54.83.13.100,United States
Feb 22 18:24:02,test,54.83.13.100,United States
Feb 22 18:41:38,a,176.53.0.114,Turkey
Feb 22 18:41:42,oracle,176.53.0.114,Turkey
Feb 22 18:41:46,oracle,176.53.0.114,Turkey
Feb 22 18:41:49,ubuntu,176.53.0.114,Turkey
Feb 22 18:41:53,ubuntu,176.53.0.114,Turkey
Feb 22 18:41:56,tomcat,176.53.0.114,Turkey
Feb 22 18:42:10,postgres,176.53.0.114,Turkey
Feb 22 18:42:14,test,176.53.0.114,Turkey
Feb 22 18:42:17,test,176.53.0.114,Turkey
Feb 22 18:42:25,jira,176.53.0.114,Turkey
Feb 22 18:42:28,jira,176.53.0.114,Turkey
Feb 22 18:42:56,stpi,176.53.0.114,Turkey
Feb 22 18:43:00,stpi,176.53.0.114,Turkey
Feb 22 18:43:07,stpi,176.53.0.114,Turkey
Feb 22 18:43:10,stpi,176.53.0.114,Turkey
Feb 22 18:43:17,adela,176.53.0.114,Turkey
Feb 22 18:43:21,adela,176.53.0.114,Turkey
Feb 22 18:43:25,adela,176.53.0.114,Turkey
Feb 22 18:44:09,nagios,176.53.0.114,Turkey
Feb 22 18:44:16,nagios,176.53.0.114,Turkey
Feb 22 18:44:19,user,176.53.0.114,Turkey
Feb 22 18:44:23,user,176.53.0.114,Turkey
Feb 22 18:44:26,user,176.53.0.114,Turkey
Feb 22 18:44:49,informix,176.53.0.114,Turkey
Feb 22 18:44:53,informix,176.53.0.114,Turkey
Feb 22 18:44:56,informix,176.53.0.114,Turkey
Feb 22 18:45:00,informix,176.53.0.114,Turkey
Feb 22 18:45:04,informix,176.53.0.114,Turkey
Feb 22 18:45:08,www,176.53.0.114,Turkey
Feb 22 18:45:12,www,176.53.0.114,Turkey
Feb 22 18:45:16,www,176.53.0.114,Turkey
Feb 22 18:45:20,www,176.53.0.114,Turkey
Feb 22 18:45:24,deploy,176.53.0.114,Turkey
Feb 22 18:45:27,deploy,176.53.0.114,Turkey
Feb 22 18:45:31,deploy,176.53.0.114,Turkey
Feb 22 18:45:35,deploy,176.53.0.114,Turkey
Feb 22 18:45:39,deploy,176.53.0.114,Turkey
Feb 22 18:45:43,zabbix,176.53.0.114,Turkey
Feb 22 18:45:47,zabbix,176.53.0.114,Turkey
Feb 22 18:45:50,zabbix,176.53.0.114,Turkey
Feb 22 18:45:54,zabbix,176.53.0.114,Turkey
Feb 22 18:45:58,zabbix,176.53.0.114,Turkey
Feb 22 18:46:01,hadoop,176.53.0.114,Turkey
Feb 22 18:46:05,hadoop,176.53.0.114,Turkey
Feb 22 18:46:09,hadoop,176.53.0.114,Turkey
Feb 22 18:46:13,hadoop,176.53.0.114,Turkey
Feb 22 18:46:17,hadoop,176.53.0.114,Turkey
Feb 22 18:46:24,virus,176.53.0.114,Turkey
Feb 22 18:46:32,developer,176.53.0.114,Turkey
Feb 22 18:46:36,developer,176.53.0.114,Turkey
Feb 22 18:46:40,developer,176.53.0.114,Turkey
Feb 22 18:46:44,developer,176.53.0.114,Turkey
Feb 22 18:46:47,developer,176.53.0.114,Turkey
Feb 22 18:46:51,monitoring,176.53.0.114,Turkey
Feb 22 18:46:55,monitoring,176.53.0.114,Turkey
Feb 22 18:46:59,monitoring,176.53.0.114,Turkey
Feb 22 18:47:03,monitoring,176.53.0.114,Turkey
Feb 22 18:47:07,monitoring,176.53.0.114,Turkey
Feb 22 18:47:11,mdpi,176.53.0.114,Turkey
Feb 22 18:47:15,mdpi,176.53.0.114,Turkey
Feb 22 18:47:18,mdpi,176.53.0.114,Turkey
Feb 22 18:47:22,mdpi,176.53.0.114,Turkey
Feb 22 18:47:26,mdpi,176.53.0.114,Turkey
Feb 22 18:47:30,richard,176.53.0.114,Turkey
Feb 22 18:47:33,richard,176.53.0.114,Turkey
Feb 22 18:47:37,richard,176.53.0.114,Turkey
Feb 22 18:47:41,richard,176.53.0.114,Turkey
Feb 22 18:47:45,richard,176.53.0.114,Turkey
Feb 22 18:47:49,charles,176.53.0.114,Turkey
Feb 22 18:47:52,charles,176.53.0.114,Turkey
Feb 22 18:47:56,charles,176.53.0.114,Turkey
Feb 22 18:48:00,charles,176.53.0.114,Turkey
Feb 22 18:48:04,charles,176.53.0.114,Turkey
Feb 22 18:48:08,marry,176.53.0.114,Turkey
Feb 22 18:48:11,marry,176.53.0.114,Turkey
Feb 22 18:48:15,marry,176.53.0.114,Turkey
Feb 22 18:48:19,marry,176.53.0.114,Turkey
Feb 22 18:48:23,marry,176.53.0.114,Turkey
Feb 22 18:48:27,anne,176.53.0.114,Turkey
Feb 22 18:48:30,anne,176.53.0.114,Turkey
Feb 22 18:48:34,anne,176.53.0.114,Turkey
Feb 22 18:48:37,anne,176.53.0.114,Turkey
Feb 22 18:48:41,anne,176.53.0.114,Turkey
Feb 22 18:48:44,ralph,176.53.0.114,Turkey
Feb 22 18:48:48,ralph,176.53.0.114,Turkey
Feb 22 18:48:52,ralph,176.53.0.114,Turkey
Feb 22 18:48:55,ralph,176.53.0.114,Turkey
Feb 22 18:48:59,ralp,176.53.0.114,Turkey
Feb 22 18:49:06,onm,176.53.0.114,Turkey
Feb 22 18:49:10,onm,176.53.0.114,Turkey
Feb 22 18:49:14,robyn,176.53.0.114,Turkey
Feb 22 18:49:17,robyn,176.53.0.114,Turkey
Feb 22 18:49:21,robyn,176.53.0.114,Turkey
Feb 22 18:49:36,system,176.53.0.114,Turkey
Feb 22 18:49:39,system,176.53.0.114,Turkey
Feb 22 18:49:43,oracle,176.53.0.114,Turkey
Feb 22 18:49:53,test,176.53.0.114,Turkey
Feb 22 18:49:57,oracle,176.53.0.114,Turkey
Feb 22 18:50:01,nagios,176.53.0.114,Turkey
Feb 22 18:50:30,cactiuser,176.53.0.114,Turkey
Feb 22 18:50:34,peter,176.53.0.114,Turkey
Feb 22 18:50:37,peter,176.53.0.114,Turkey
Feb 22 18:50:41,peter,176.53.0.114,Turkey
Feb 22 18:50:45,peter,176.53.0.114,Turkey
Feb 22 18:51:17,cactiuser,176.53.0.114,Turkey
Feb 22 18:51:21,cactiuser,176.53.0.114,Turkey
Feb 22 18:51:28,cactiuser,176.53.0.114,Turkey
Feb 22 18:51:32,dave,176.53.0.114,Turkey
Feb 22 18:51:36,dave,176.53.0.114,Turkey
Feb 22 18:51:40,dave,176.53.0.114,Turkey
Feb 22 18:51:43,dave,176.53.0.114,Turkey
Feb 22 18:51:47,dave,176.53.0.114,Turkey
Feb 22 18:51:51,doug,176.53.0.114,Turkey
Feb 22 18:51:54,doug,176.53.0.114,Turkey
Feb 22 18:51:58,doug,176.53.0.114,Turkey
Feb 22 18:52:01,doug,176.53.0.114,Turkey
Feb 22 18:52:05,doug,176.53.0.114,Turkey
Feb 22 18:52:08,mark,176.53.0.114,Turkey
Feb 22 18:52:12,mark,176.53.0.114,Turkey
Feb 22 18:52:16,mark,176.53.0.114,Turkey
Feb 22 18:52:19,matt,176.53.0.114,Turkey
Feb 22 18:52:23,matt,176.53.0.114,Turkey
Feb 22 18:52:27,matt,176.53.0.114,Turkey
Feb 22 18:52:31,stan,176.53.0.114,Turkey
Feb 22 18:52:35,stan,176.53.0.114,Turkey
Feb 22 18:52:38,stan,176.53.0.114,Turkey
Feb 22 18:52:42,tanja,176.53.0.114,Turkey
Feb 22 18:52:46,tanja,176.53.0.114,Turkey
Feb 22 18:52:50,tanja,176.53.0.114,Turkey
Feb 22 18:52:54,billy,176.53.0.114,Turkey
Feb 22 18:52:57,billy,176.53.0.114,Turkey
Feb 22 18:53:01,billy,176.53.0.114,Turkey
Feb 22 18:53:05,bobby,176.53.0.114,Turkey
Feb 22 18:53:09,bobby,176.53.0.114,Turkey
Feb 22 18:53:12,bobby,176.53.0.114,Turkey
Feb 22 18:53:16,brian,176.53.0.114,Turkey
Feb 22 18:53:20,brian,176.53.0.114,Turkey
Feb 22 18:53:23,brian,176.53.0.114,Turkey
Feb 22 18:53:27,carla,176.53.0.114,Turkey
Feb 22 18:53:31,carla,176.53.0.114,Turkey
Feb 22 18:53:35,carla,176.53.0.114,Turkey
Feb 22 18:53:38,chad,176.53.0.114,Turkey
Feb 22 18:53:42,chad,176.53.0.114,Turkey
Feb 22 18:53:46,chad,176.53.0.114,Turkey
Feb 22 18:53:49,chris,176.53.0.114,Turkey
Feb 22 18:53:53,chris,176.53.0.114,Turkey
Feb 22 18:53:57,chris,176.53.0.114,Turkey
Feb 22 18:54:00,dale,176.53.0.114,Turkey
Feb 22 18:54:04,dale,176.53.0.114,Turkey
Feb 22 18:54:07,dale,176.53.0.114,Turkey
Feb 22 18:54:11,diana,176.53.0.114,Turkey
Feb 22 18:54:14,diana,176.53.0.114,Turkey
Feb 22 18:54:18,diana,176.53.0.114,Turkey
Feb 22 18:54:22,ellie,176.53.0.114,Turkey
Feb 22 18:54:25,ellie,176.53.0.114,Turkey
Feb 22 18:54:29,ellie,176.53.0.114,Turkey
Feb 22 18:54:33,eric,176.53.0.114,Turkey
Feb 22 18:54:36,eric,176.53.0.114,Turkey
Feb 22 18:54:40,eric,176.53.0.114,Turkey
Feb 22 18:54:43,freund,176.53.0.114,Turkey
Feb 22 18:54:47,freund,176.53.0.114,Turkey
Feb 22 18:54:50,freund,176.53.0.114,Turkey
Feb 22 18:54:54,gary,176.53.0.114,Turkey
Feb 22 18:54:56,gary,176.53.0.114,Turkey
Feb 22 18:54:59,gary,176.53.0.114,Turkey
Feb 22 18:55:04,hank,176.53.0.114,Turkey
Feb 22 18:55:08,hank,176.53.0.114,Turkey
Feb 22 18:55:11,hank,176.53.0.114,Turkey
Feb 22 18:55:14,hill,176.53.0.114,Turkey
Feb 22 18:55:18,hill,176.53.0.114,Turkey
Feb 22 18:55:21,hill,176.53.0.114,Turkey
Feb 22 18:55:24,janet,176.53.0.114,Turkey
Feb 22 18:55:27,janet,176.53.0.114,Turkey
Feb 22 18:55:31,janet,176.53.0.114,Turkey
Feb 22 18:55:34,janine,176.53.0.114,Turkey
Feb 22 18:55:37,janine,176.53.0.114,Turkey
Feb 22 18:55:40,janine,176.53.0.114,Turkey
Feb 22 18:55:43,jeff,176.53.0.114,Turkey
Feb 22 18:55:46,jeff,176.53.0.114,Turkey
Feb 22 18:55:49,jeff,176.53.0.114,Turkey
Feb 22 18:55:52,jim,176.53.0.114,Turkey
Feb 22 18:55:56,jim,176.53.0.114,Turkey
Feb 22 18:55:59,jim,176.53.0.114,Turkey
Feb 22 18:56:02,julie,176.53.0.114,Turkey
Feb 22 18:56:05,julie,176.53.0.114,Turkey
Feb 22 18:56:09,julie,176.53.0.114,Turkey
Feb 22 18:56:12,lynda,176.53.0.114,Turkey
Feb 22 18:56:15,lynda,176.53.0.114,Turkey
Feb 22 18:56:18,lynda,176.53.0.114,Turkey
Feb 22 18:56:22,mashby,176.53.0.114,Turkey
Feb 22 18:56:25,mashby,176.53.0.114,Turkey
Feb 22 18:56:28,mashby,176.53.0.114,Turkey
Feb 22 18:56:32,matt,176.53.0.114,Turkey
Feb 22 18:56:35,matt,176.53.0.114,Turkey
Feb 22 18:56:39,matt,176.53.0.114,Turkey
Feb 22 18:56:42,oleta,176.53.0.114,Turkey
Feb 22 18:56:45,oleta,176.53.0.114,Turkey
Feb 22 18:56:48,oleta,176.53.0.114,Turkey
Feb 22 18:56:51,rachel,176.53.0.114,Turkey
Feb 22 18:56:54,rachel,176.53.0.114,Turkey
Feb 22 18:56:58,rachel,176.53.0.114,Turkey
Feb 22 18:57:01,rebecca,176.53.0.114,Turkey
Feb 22 18:57:04,rebecca,176.53.0.114,Turkey
Feb 22 18:57:07,rebecca,176.53.0.114,Turkey
Feb 22 18:57:11,shane,176.53.0.114,Turkey
Feb 22 18:57:14,shane,176.53.0.114,Turkey
Feb 22 18:57:18,shane,176.53.0.114,Turkey
Feb 22 18:57:21,silverline,176.53.0.114,Turkey
Feb 22 18:57:24,silverline,176.53.0.114,Turkey
Feb 22 18:57:27,silverline,176.53.0.114,Turkey
Feb 22 18:57:30,taysa,176.53.0.114,Turkey
Feb 22 18:57:34,taysa,176.53.0.114,Turkey
Feb 22 18:57:37,taysa,176.53.0.114,Turkey
Feb 22 18:57:40,todd,176.53.0.114,Turkey
Feb 22 18:57:43,todd,176.53.0.114,Turkey
Feb 22 18:57:46,todd,176.53.0.114,Turkey
Feb 22 18:57:49,todds,176.53.0.114,Turkey
Feb 22 18:57:53,todds,176.53.0.114,Turkey
Feb 22 18:57:56,todds,176.53.0.114,Turkey
Feb 22 18:57:59,travis,176.53.0.114,Turkey
Feb 22 18:58:03,travis,176.53.0.114,Turkey
Feb 22 18:58:06,travis,176.53.0.114,Turkey
Feb 22 18:58:09,weldon,176.53.0.114,Turkey
Feb 22 18:58:13,weldon,176.53.0.114,Turkey
Feb 22 18:58:16,weldon,176.53.0.114,Turkey
Feb 22 18:58:19,ronjones,176.53.0.114,Turkey
Feb 22 18:58:23,ronjones,176.53.0.114,Turkey
Feb 22 18:58:26,ronjones,176.53.0.114,Turkey
Feb 22 18:58:29,ronjones,176.53.0.114,Turkey
Feb 22 18:58:32,ronjones,176.53.0.114,Turkey
Feb 22 18:58:35,james,176.53.0.114,Turkey
Feb 22 18:58:39,james,176.53.0.114,Turkey
Feb 22 18:58:42,james,176.53.0.114,Turkey
Feb 22 18:58:45,james,176.53.0.114,Turkey
Feb 22 18:58:49,james,176.53.0.114,Turkey
Feb 22 18:58:52,maria,176.53.0.114,Turkey
Feb 22 18:58:56,maria,176.53.0.114,Turkey
Feb 22 18:58:59,maria,176.53.0.114,Turkey
Feb 22 18:59:02,maria,176.53.0.114,Turkey
Feb 22 18:59:06,maria,176.53.0.114,Turkey
Feb 22 18:59:09,kongxx,176.53.0.114,Turkey
Feb 22 18:59:13,kongxx,176.53.0.114,Turkey
Feb 22 18:59:16,kongxx,176.53.0.114,Turkey
Feb 22 18:59:20,kongxx,176.53.0.114,Turkey
Feb 22 18:59:23,kongxx,176.53.0.114,Turkey
Feb 22 18:59:26,den,176.53.0.114,Turkey
Feb 22 18:59:30,den,176.53.0.114,Turkey
Feb 22 18:59:33,den,176.53.0.114,Turkey
Feb 22 18:59:36,fatimac,176.53.0.114,Turkey
Feb 22 18:59:40,fatimac,176.53.0.114,Turkey
Feb 22 18:59:43,fatimac,176.53.0.114,Turkey
Feb 22 18:59:47,freyna,176.53.0.114,Turkey
Feb 22 18:59:50,freyna,176.53.0.114,Turkey
Feb 22 18:59:52,freyna,176.53.0.114,Turkey
Feb 22 18:59:56,jhesrhel,176.53.0.114,Turkey
Feb 22 18:59:59,jhesrhel,176.53.0.114,Turkey
Feb 22 19:00:03,jhesrhel,176.53.0.114,Turkey
Feb 22 19:00:06,jocelyn,176.53.0.114,Turkey
Feb 22 19:00:10,jocelyn,176.53.0.114,Turkey
Feb 22 19:00:13,jocelyn,176.53.0.114,Turkey
Feb 22 19:00:16,jonah,176.53.0.114,Turkey
Feb 22 19:00:20,jonah,176.53.0.114,Turkey
Feb 22 19:00:23,jonah,176.53.0.114,Turkey
Feb 22 19:00:26,keiv,176.53.0.114,Turkey
Feb 22 19:00:30,keiv,176.53.0.114,Turkey
Feb 22 19:00:34,keiv,176.53.0.114,Turkey
Feb 22 19:00:37,kirk,176.53.0.114,Turkey
Feb 22 19:00:41,kirk,176.53.0.114,Turkey
Feb 22 19:00:44,kirk,176.53.0.114,Turkey
Feb 22 19:00:47,laraht,176.53.0.114,Turkey
Feb 22 19:00:50,laraht,176.53.0.114,Turkey
Feb 22 19:00:53,laraht,176.53.0.114,Turkey
Feb 22 19:00:57,openvpn,176.53.0.114,Turkey
Feb 22 19:01:00,openvpn,176.53.0.114,Turkey
Feb 22 19:01:04,openvpn,176.53.0.114,Turkey
Feb 22 19:01:06,rheal,176.53.0.114,Turkey
Feb 22 19:01:09,rheal,176.53.0.114,Turkey
Feb 22 19:01:12,rheal,176.53.0.114,Turkey
Feb 22 19:01:16,roosevelt,176.53.0.114,Turkey
Feb 22 19:01:19,roosevelt,176.53.0.114,Turkey
Feb 22 19:01:23,roosevelt,176.53.0.114,Turkey
Feb 22 19:01:26,roosevelt1,176.53.0.114,Turkey
Feb 22 19:01:29,roosevelt1,176.53.0.114,Turkey
Feb 22 19:01:32,roosevelt1,176.53.0.114,Turkey
Feb 22 19:01:35,angelo,176.53.0.114,Turkey
Feb 22 19:01:39,angelo,176.53.0.114,Turkey
Feb 22 19:01:41,angelo,176.53.0.114,Turkey
Feb 22 19:01:44,artifactory,176.53.0.114,Turkey
Feb 22 19:01:47,artifactory,176.53.0.114,Turkey
Feb 22 19:01:50,artifactory,176.53.0.114,Turkey
Feb 22 19:01:54,derek,176.53.0.114,Turkey
Feb 22 19:01:57,derek,176.53.0.114,Turkey
Feb 22 19:01:59,derek,176.53.0.114,Turkey
Feb 22 19:02:03,diella,176.53.0.114,Turkey
Feb 22 19:02:06,diella,176.53.0.114,Turkey
Feb 22 19:02:09,diella,176.53.0.114,Turkey
Feb 22 19:02:12,morag,176.53.0.114,Turkey
Feb 22 19:02:15,morag,176.53.0.114,Turkey
Feb 22 19:02:18,morag,176.53.0.114,Turkey
Feb 22 19:02:22,martin,176.53.0.114,Turkey
Feb 22 19:02:25,martin,176.53.0.114,Turkey
Feb 22 19:02:29,martin,176.53.0.114,Turkey
Feb 22 19:02:31,calzado,176.53.0.114,Turkey
Feb 22 19:02:35,calzado,176.53.0.114,Turkey
Feb 22 19:02:38,calzado,176.53.0.114,Turkey
Feb 22 19:02:41,cele,176.53.0.114,Turkey
Feb 22 19:02:44,cele,176.53.0.114,Turkey
Feb 22 19:02:47,cele,176.53.0.114,Turkey
Feb 22 19:02:51,daniel,176.53.0.114,Turkey
Feb 22 19:02:54,daniel,176.53.0.114,Turkey
Feb 22 19:02:57,daniel,176.53.0.114,Turkey
Feb 22 19:03:00,egarcia,176.53.0.114,Turkey
Feb 22 19:03:03,egarcia,176.53.0.114,Turkey
Feb 22 19:03:06,egarcia,176.53.0.114,Turkey
Feb 22 19:03:10,juliejung,176.53.0.114,Turkey
Feb 22 19:03:13,juliejung,176.53.0.114,Turkey
Feb 22 19:03:16,juliejung,176.53.0.114,Turkey
Feb 22 19:03:19,jzapata,176.53.0.114,Turkey
Feb 22 19:03:23,jzapata,176.53.0.114,Turkey
Feb 22 19:03:26,jzapata,176.53.0.114,Turkey
Feb 22 19:03:30,ltenti,176.53.0.114,Turkey
Feb 22 19:03:33,ltenti,176.53.0.114,Turkey
Feb 22 19:03:36,ltenti,176.53.0.114,Turkey
Feb 22 20:14:45,oracle,40.76.222.64,United States
Feb 22 20:14:48,oracle,40.76.222.64,United States
Feb 22 20:14:58,nagios,40.76.222.64,United States
Feb 22 20:15:02,postgres,40.76.222.64,United States
Feb 22 20:15:05,dev,40.76.222.64,United States
Feb 22 20:15:09,vagrant,40.76.222.64,United States
Feb 22 20:15:12,hadoop,40.76.222.64,United States
Feb 22 20:15:16,deploy,40.76.222.64,United States
Feb 22 20:15:19,ftpuser,40.76.222.64,United States
Feb 22 20:15:22,ftpuser,40.76.222.64,United States
Feb 22 20:15:25,notes,40.76.222.64,United States
Feb 22 20:15:28,upload,40.76.222.64,United States
Feb 22 20:15:32,diego,40.76.222.64,United States
Feb 22 20:15:35,debian,40.76.222.64,United States
Feb 22 20:15:38,tomcat,40.76.222.64,United States
Feb 22 20:15:41,ubuntu,40.76.222.64,United States
Feb 22 20:15:44,demo,40.76.222.64,United States
Feb 22 21:24:37,ADMIN,183.61.146.168,China
Feb 22 21:24:42,ADMIN,183.61.146.168,China
Feb 22 21:24:47,ADMIN,183.61.146.168,China
Feb 22 21:24:53,ADMIN,183.61.146.168,China
Feb 22 22:23:06,xxxxxxxx,218.200.188.213,China
Feb 22 22:23:10,hexin,218.200.188.213,China
Feb 22 22:23:14,sonar,218.200.188.213,China
Feb 22 22:23:19,tuxedo,218.200.188.213,China
Feb 22 22:23:23,nexus,218.200.188.213,China
Feb 22 22:23:27,redmine,218.200.188.213,China
Feb 22 22:23:32,openerp,218.200.188.213,China
Feb 22 22:23:36,jenkins,218.200.188.213,China
Feb 22 22:23:41,treino,218.200.188.213,China
Feb 22 22:23:45,chemistry,218.200.188.213,China
Feb 22 22:23:49,glassfish,218.200.188.213,China
Feb 22 22:23:53,garrysmod,218.200.188.213,China
Feb 22 22:23:57,sunrise,218.200.188.213,China
Feb 22 22:24:01,sshuser,218.200.188.213,China
Feb 22 22:24:05,tarsys,218.200.188.213,China
Feb 22 22:24:09,hduser,218.200.188.213,China
Feb 22 22:24:13,trobz,218.200.188.213,China
Feb 22 22:24:17,wildfly,218.200.188.213,China
Feb 22 22:24:22,tedial,218.200.188.213,China
Feb 22 22:24:26,rsync,218.200.188.213,China
Feb 22 22:24:30,plex,218.200.188.213,China
Feb 22 22:24:35,ibmuser,218.200.188.213,China
Feb 23 00:04:14,admin,185.110.132.54,Russia
Feb 23 00:04:55,support,185.110.132.54,Russia
Feb 23 00:05:33,user,185.110.132.54,Russia
Feb 23 05:37:42,dup,106.186.116.60,Japan
Feb 23 05:37:47,testuser,106.186.116.60,Japan
Feb 23 05:37:52,testuser,106.186.116.60,Japan
Feb 23 05:37:57,sysop,106.186.116.60,Japan
Feb 23 05:38:02,sysop,106.186.116.60,Japan
Feb 23 05:38:06,zabbix,106.186.116.60,Japan
Feb 23 05:38:14,zabbix,106.186.116.60,Japan
Feb 23 05:38:19,zabbix,106.186.116.60,Japan
Feb 23 05:38:27,zabbix,106.186.116.60,Japan
Feb 23 05:38:34,zabbix,106.186.116.60,Japan
Feb 23 05:38:40,zabbix,106.186.116.60,Japan
Feb 23 05:38:46,tomcat,106.186.116.60,Japan
Feb 23 05:38:51,tomcat,106.186.116.60,Japan
Feb 23 05:38:56,tomcat,106.186.116.60,Japan
Feb 23 05:39:00,www,106.186.116.60,Japan
Feb 23 05:39:07,www,106.186.116.60,Japan
Feb 23 05:39:12,xbmc,106.186.116.60,Japan
Feb 23 05:39:17,otrs,106.186.116.60,Japan
Feb 23 05:39:21,liferay,106.186.116.60,Japan
Feb 23 05:39:27,db2inst1,106.186.116.60,Japan
Feb 23 05:39:32,cyrus,106.186.116.60,Japan
Feb 23 05:39:36,ns,106.186.116.60,Japan
Feb 23 05:39:40,image,106.186.116.60,Japan
Feb 23 05:39:46,image,106.186.116.60,Japan
Feb 23 05:39:52,PlcmSpIp,106.186.116.60,Japan
Feb 23 05:39:57,PlcmSpIp,106.186.116.60,Japan
Feb 23 05:40:01,demo,106.186.116.60,Japan
Feb 23 05:40:08,demo,106.186.116.60,Japan
Feb 23 05:40:13,demo,106.186.116.60,Japan
Feb 23 05:40:18,ftp,106.186.116.60,Japan
Feb 23 05:40:24,ftpuser,106.186.116.60,Japan
Feb 23 05:40:29,ftpuser,106.186.116.60,Japan
Feb 23 05:40:34,ftpuser,106.186.116.60,Japan
Feb 23 07:52:10,a,210.26.117.147,China
Feb 23 10:20:43,a,176.53.0.114,Turkey
Feb 23 10:20:46,oracle,176.53.0.114,Turkey
Feb 23 10:20:48,oracle,176.53.0.114,Turkey
Feb 23 10:20:52,ubuntu,176.53.0.114,Turkey
Feb 23 10:20:55,ubuntu,176.53.0.114,Turkey
Feb 23 10:20:59,tomcat,176.53.0.114,Turkey
Feb 23 10:21:13,postgres,176.53.0.114,Turkey
Feb 23 10:21:17,test,176.53.0.114,Turkey
Feb 23 10:21:20,test,176.53.0.114,Turkey
Feb 23 10:21:30,jira,176.53.0.114,Turkey
Feb 23 10:21:34,jira,176.53.0.114,Turkey
Feb 23 10:21:59,stpi,176.53.0.114,Turkey
Feb 23 10:22:03,stpi,176.53.0.114,Turkey
Feb 23 10:22:10,stpi,176.53.0.114,Turkey
Feb 23 10:22:13,stpi,176.53.0.114,Turkey
Feb 23 10:22:21,adela,176.53.0.114,Turkey
Feb 23 10:22:24,adela,176.53.0.114,Turkey
Feb 23 10:22:28,adela,176.53.0.114,Turkey
Feb 23 10:23:17,nagios,176.53.0.114,Turkey
Feb 23 10:23:24,nagios,176.53.0.114,Turkey
Feb 23 10:23:29,user,176.53.0.114,Turkey
Feb 23 10:23:34,user,176.53.0.114,Turkey
Feb 23 10:23:39,user,176.53.0.114,Turkey
Feb 23 10:24:04,informix,176.53.0.114,Turkey
Feb 23 10:24:09,informix,176.53.0.114,Turkey
Feb 23 10:24:13,informix,176.53.0.114,Turkey
Feb 23 10:24:19,informix,176.53.0.114,Turkey
Feb 23 10:24:23,informix,176.53.0.114,Turkey
Feb 23 10:24:27,www,176.53.0.114,Turkey
Feb 23 10:24:31,www,176.53.0.114,Turkey
Feb 23 10:24:35,www,176.53.0.114,Turkey
Feb 23 10:24:41,www,176.53.0.114,Turkey
Feb 23 10:24:45,deploy,176.53.0.114,Turkey
Feb 23 10:24:49,deploy,176.53.0.114,Turkey
Feb 23 10:24:53,deploy,176.53.0.114,Turkey
Feb 23 10:24:58,deploy,176.53.0.114,Turkey
Feb 23 10:25:02,deploy,176.53.0.114,Turkey
Feb 23 10:25:06,zabbix,176.53.0.114,Turkey
Feb 23 10:25:09,zabbix,176.53.0.114,Turkey
Feb 23 10:25:13,zabbix,176.53.0.114,Turkey
Feb 23 10:25:16,zabbix,176.53.0.114,Turkey
Feb 23 10:25:20,zabbix,176.53.0.114,Turkey
Feb 23 10:25:23,hadoop,176.53.0.114,Turkey
Feb 23 10:25:27,hadoop,176.53.0.114,Turkey
Feb 23 10:25:30,hadoop,176.53.0.114,Turkey
Feb 23 10:25:34,hadoop,176.53.0.114,Turkey
Feb 23 10:25:37,hadoop,176.53.0.114,Turkey
Feb 23 10:25:44,virus,176.53.0.114,Turkey
Feb 23 10:25:52,developer,176.53.0.114,Turkey
Feb 23 10:25:55,developer,176.53.0.114,Turkey
Feb 23 10:25:59,developer,176.53.0.114,Turkey
Feb 23 10:26:03,developer,176.53.0.114,Turkey
Feb 23 10:26:06,developer,176.53.0.114,Turkey
Feb 23 10:26:10,monitoring,176.53.0.114,Turkey
Feb 23 10:26:14,monitoring,176.53.0.114,Turkey
Feb 23 10:26:17,monitoring,176.53.0.114,Turkey
Feb 23 10:26:21,monitoring,176.53.0.114,Turkey
Feb 23 10:26:25,monitoring,176.53.0.114,Turkey
Feb 23 10:26:29,mdpi,176.53.0.114,Turkey
Feb 23 10:26:32,mdpi,176.53.0.114,Turkey
Feb 23 10:26:36,mdpi,176.53.0.114,Turkey
Feb 23 10:26:40,mdpi,176.53.0.114,Turkey
Feb 23 10:26:43,mdpi,176.53.0.114,Turkey
Feb 23 10:26:46,richard,176.53.0.114,Turkey
Feb 23 10:26:50,richard,176.53.0.114,Turkey
Feb 23 10:26:54,richard,176.53.0.114,Turkey
Feb 23 10:26:58,richard,176.53.0.114,Turkey
Feb 23 10:27:01,richard,176.53.0.114,Turkey
Feb 23 10:27:05,charles,176.53.0.114,Turkey
Feb 23 10:27:09,charles,176.53.0.114,Turkey
Feb 23 10:27:12,charles,176.53.0.114,Turkey
Feb 23 10:27:16,charles,176.53.0.114,Turkey
Feb 23 10:27:20,charles,176.53.0.114,Turkey
Feb 23 10:27:24,marry,176.53.0.114,Turkey
Feb 23 10:27:28,marry,176.53.0.114,Turkey
Feb 23 10:27:31,marry,176.53.0.114,Turkey
Feb 23 10:27:35,marry,176.53.0.114,Turkey
Feb 23 10:27:39,marry,176.53.0.114,Turkey
Feb 23 10:27:43,anne,176.53.0.114,Turkey
Feb 23 10:27:47,anne,176.53.0.114,Turkey
Feb 23 10:27:50,anne,176.53.0.114,Turkey
Feb 23 10:27:54,anne,176.53.0.114,Turkey
Feb 23 10:27:58,anne,176.53.0.114,Turkey
Feb 23 10:28:02,ralph,176.53.0.114,Turkey
Feb 23 10:28:05,ralph,176.53.0.114,Turkey
Feb 23 10:28:09,ralph,176.53.0.114,Turkey
Feb 23 10:28:13,ralph,176.53.0.114,Turkey
Feb 23 10:28:17,ralp,176.53.0.114,Turkey
Feb 23 10:28:24,onm,176.53.0.114,Turkey
Feb 23 10:28:28,onm,176.53.0.114,Turkey
Feb 23 10:28:32,robyn,176.53.0.114,Turkey
Feb 23 10:28:36,robyn,176.53.0.114,Turkey
Feb 23 10:28:40,robyn,176.53.0.114,Turkey
Feb 23 10:28:55,system,176.53.0.114,Turkey
Feb 23 10:28:59,system,176.53.0.114,Turkey
Feb 23 10:29:02,oracle,176.53.0.114,Turkey
Feb 23 10:29:14,test,176.53.0.114,Turkey
Feb 23 10:29:18,oracle,176.53.0.114,Turkey
Feb 23 10:29:21,nagios,176.53.0.114,Turkey
Feb 23 10:29:50,cactiuser,176.53.0.114,Turkey
Feb 23 10:29:54,peter,176.53.0.114,Turkey
Feb 23 10:29:57,peter,176.53.0.114,Turkey
Feb 23 10:30:01,peter,176.53.0.114,Turkey
Feb 23 10:30:05,peter,176.53.0.114,Turkey
Feb 23 10:30:37,cactiuser,176.53.0.114,Turkey
Feb 23 10:30:40,cactiuser,176.53.0.114,Turkey
Feb 23 10:30:48,cactiuser,176.53.0.114,Turkey
Feb 23 10:30:51,dave,176.53.0.114,Turkey
Feb 23 10:30:55,dave,176.53.0.114,Turkey
Feb 23 10:30:58,dave,176.53.0.114,Turkey
Feb 23 10:31:01,dave,176.53.0.114,Turkey
Feb 23 10:31:05,dave,176.53.0.114,Turkey
Feb 23 10:31:09,doug,176.53.0.114,Turkey
Feb 23 10:31:12,doug,176.53.0.114,Turkey
Feb 23 10:31:16,doug,176.53.0.114,Turkey
Feb 23 10:31:19,doug,176.53.0.114,Turkey
Feb 23 10:31:23,doug,176.53.0.114,Turkey
Feb 23 10:31:27,mark,176.53.0.114,Turkey
Feb 23 10:31:30,mark,176.53.0.114,Turkey
Feb 23 10:31:33,mark,176.53.0.114,Turkey
Feb 23 10:31:37,matt,176.53.0.114,Turkey
Feb 23 10:31:41,matt,176.53.0.114,Turkey
Feb 23 10:31:44,matt,176.53.0.114,Turkey
Feb 23 10:31:48,stan,176.53.0.114,Turkey
Feb 23 10:31:51,stan,176.53.0.114,Turkey
Feb 23 10:31:55,stan,176.53.0.114,Turkey
Feb 23 10:31:59,tanja,176.53.0.114,Turkey
Feb 23 10:32:03,tanja,176.53.0.114,Turkey
Feb 23 10:32:06,tanja,176.53.0.114,Turkey
Feb 23 10:32:10,billy,176.53.0.114,Turkey
Feb 23 10:32:14,billy,176.53.0.114,Turkey
Feb 23 10:32:17,billy,176.53.0.114,Turkey
Feb 23 10:32:21,bobby,176.53.0.114,Turkey
Feb 23 10:32:24,bobby,176.53.0.114,Turkey
Feb 23 10:32:28,bobby,176.53.0.114,Turkey
Feb 23 10:32:32,brian,176.53.0.114,Turkey
Feb 23 10:32:35,brian,176.53.0.114,Turkey
Feb 23 10:32:39,brian,176.53.0.114,Turkey
Feb 23 10:32:43,carla,176.53.0.114,Turkey
Feb 23 10:32:47,carla,176.53.0.114,Turkey
Feb 23 10:32:50,carla,176.53.0.114,Turkey
Feb 23 10:32:54,chad,176.53.0.114,Turkey
Feb 23 10:32:58,chad,176.53.0.114,Turkey
Feb 23 10:33:02,chad,176.53.0.114,Turkey
Feb 23 10:33:05,chris,176.53.0.114,Turkey
Feb 23 10:33:09,chris,176.53.0.114,Turkey
Feb 23 10:33:13,chris,176.53.0.114,Turkey
Feb 23 10:33:16,dale,176.53.0.114,Turkey
Feb 23 10:33:20,dale,176.53.0.114,Turkey
Feb 23 10:33:24,dale,176.53.0.114,Turkey
Feb 23 10:33:28,diana,176.53.0.114,Turkey
Feb 23 10:33:31,diana,176.53.0.114,Turkey
Feb 23 10:33:35,diana,176.53.0.114,Turkey
Feb 23 10:33:39,ellie,176.53.0.114,Turkey
Feb 23 10:33:42,ellie,176.53.0.114,Turkey
Feb 23 10:33:45,ellie,176.53.0.114,Turkey
Feb 23 10:33:49,eric,176.53.0.114,Turkey
Feb 23 10:33:53,eric,176.53.0.114,Turkey
Feb 23 10:33:56,eric,176.53.0.114,Turkey
Feb 23 10:34:01,freund,176.53.0.114,Turkey
Feb 23 10:34:04,freund,176.53.0.114,Turkey
Feb 23 10:34:08,freund,176.53.0.114,Turkey
Feb 23 10:34:12,gary,176.53.0.114,Turkey
Feb 23 10:34:16,gary,176.53.0.114,Turkey
Feb 23 10:34:19,gary,176.53.0.114,Turkey
Feb 23 10:34:23,hank,176.53.0.114,Turkey
Feb 23 10:34:27,hank,176.53.0.114,Turkey
Feb 23 10:34:30,hank,176.53.0.114,Turkey
Feb 23 10:34:34,hill,176.53.0.114,Turkey
Feb 23 10:34:38,hill,176.53.0.114,Turkey
Feb 23 10:34:41,hill,176.53.0.114,Turkey
Feb 23 10:34:45,janet,176.53.0.114,Turkey
Feb 23 10:34:49,janet,176.53.0.114,Turkey
Feb 23 10:34:52,janet,176.53.0.114,Turkey
Feb 23 10:34:55,janine,176.53.0.114,Turkey
Feb 23 10:34:58,janine,176.53.0.114,Turkey
Feb 23 10:35:02,janine,176.53.0.114,Turkey
Feb 23 10:35:05,jeff,176.53.0.114,Turkey
Feb 23 10:35:09,jeff,176.53.0.114,Turkey
Feb 23 10:35:13,jeff,176.53.0.114,Turkey
Feb 23 10:35:16,jim,176.53.0.114,Turkey
Feb 23 10:35:19,jim,176.53.0.114,Turkey
Feb 23 10:35:22,jim,176.53.0.114,Turkey
Feb 23 10:35:25,julie,176.53.0.114,Turkey
Feb 23 10:35:28,julie,176.53.0.114,Turkey
Feb 23 10:35:32,julie,176.53.0.114,Turkey
Feb 23 10:35:35,lynda,176.53.0.114,Turkey
Feb 23 10:35:39,lynda,176.53.0.114,Turkey
Feb 23 10:35:42,lynda,176.53.0.114,Turkey
Feb 23 10:35:46,mashby,176.53.0.114,Turkey
Feb 23 10:35:49,mashby,176.53.0.114,Turkey
Feb 23 10:35:51,mashby,176.53.0.114,Turkey
Feb 23 10:35:55,matt,176.53.0.114,Turkey
Feb 23 10:35:58,matt,176.53.0.114,Turkey
Feb 23 10:36:01,matt,176.53.0.114,Turkey
Feb 23 10:36:04,oleta,176.53.0.114,Turkey
Feb 23 10:36:07,oleta,176.53.0.114,Turkey
Feb 23 10:36:10,oleta,176.53.0.114,Turkey
Feb 23 10:36:13,rachel,176.53.0.114,Turkey
Feb 23 10:36:15,rachel,176.53.0.114,Turkey
Feb 23 10:36:19,rachel,176.53.0.114,Turkey
Feb 23 10:36:22,rebecca,176.53.0.114,Turkey
Feb 23 10:36:25,rebecca,176.53.0.114,Turkey
Feb 23 10:36:29,rebecca,176.53.0.114,Turkey
Feb 23 10:36:32,shane,176.53.0.114,Turkey
Feb 23 10:36:35,shane,176.53.0.114,Turkey
Feb 23 10:36:37,shane,176.53.0.114,Turkey
Feb 23 10:36:40,silverline,176.53.0.114,Turkey
Feb 23 10:36:44,silverline,176.53.0.114,Turkey
Feb 23 10:36:47,silverline,176.53.0.114,Turkey
Feb 23 10:36:51,taysa,176.53.0.114,Turkey
Feb 23 10:36:54,taysa,176.53.0.114,Turkey
Feb 23 10:36:57,taysa,176.53.0.114,Turkey
Feb 23 10:37:00,todd,176.53.0.114,Turkey
Feb 23 10:37:04,todd,176.53.0.114,Turkey
Feb 23 10:37:07,todd,176.53.0.114,Turkey
Feb 23 10:37:10,todds,176.53.0.114,Turkey
Feb 23 10:37:13,todds,176.53.0.114,Turkey
Feb 23 10:37:16,todds,176.53.0.114,Turkey
Feb 23 10:37:20,travis,176.53.0.114,Turkey
Feb 23 10:37:23,travis,176.53.0.114,Turkey
Feb 23 10:37:26,travis,176.53.0.114,Turkey
Feb 23 10:37:29,weldon,176.53.0.114,Turkey
Feb 23 10:37:32,weldon,176.53.0.114,Turkey
Feb 23 10:37:35,weldon,176.53.0.114,Turkey
Feb 23 10:37:39,ronjones,176.53.0.114,Turkey
Feb 23 10:37:42,ronjones,176.53.0.114,Turkey
Feb 23 10:37:46,ronjones,176.53.0.114,Turkey
Feb 23 10:37:48,ronjones,176.53.0.114,Turkey
Feb 23 10:37:51,ronjones,176.53.0.114,Turkey
Feb 23 10:37:55,james,176.53.0.114,Turkey
Feb 23 10:37:58,james,176.53.0.114,Turkey
Feb 23 10:38:01,james,176.53.0.114,Turkey
Feb 23 10:38:04,james,176.53.0.114,Turkey
Feb 23 10:38:06,james,176.53.0.114,Turkey
Feb 23 10:38:10,maria,176.53.0.114,Turkey
Feb 23 10:38:13,maria,176.53.0.114,Turkey
Feb 23 10:38:16,maria,176.53.0.114,Turkey
Feb 23 10:38:18,maria,176.53.0.114,Turkey
Feb 23 10:38:22,maria,176.53.0.114,Turkey
Feb 23 10:38:25,kongxx,176.53.0.114,Turkey
Feb 23 10:38:28,kongxx,176.53.0.114,Turkey
Feb 23 10:38:31,kongxx,176.53.0.114,Turkey
Feb 23 10:38:34,kongxx,176.53.0.114,Turkey
Feb 23 10:38:37,kongxx,176.53.0.114,Turkey
Feb 23 10:38:40,den,176.53.0.114,Turkey
Feb 23 10:38:44,den,176.53.0.114,Turkey
Feb 23 10:38:47,den,176.53.0.114,Turkey
Feb 23 10:38:50,fatimac,176.53.0.114,Turkey
Feb 23 10:38:53,fatimac,176.53.0.114,Turkey
Feb 23 10:38:57,fatimac,176.53.0.114,Turkey
Feb 23 10:39:00,freyna,176.53.0.114,Turkey
Feb 23 10:39:04,freyna,176.53.0.114,Turkey
Feb 23 10:39:07,freyna,176.53.0.114,Turkey
Feb 23 10:39:10,jhesrhel,176.53.0.114,Turkey
Feb 23 10:39:14,jhesrhel,176.53.0.114,Turkey
Feb 23 10:39:17,jhesrhel,176.53.0.114,Turkey
Feb 23 10:39:21,jocelyn,176.53.0.114,Turkey
Feb 23 10:39:24,jocelyn,176.53.0.114,Turkey
Feb 23 10:39:27,jocelyn,176.53.0.114,Turkey
Feb 23 10:39:31,jonah,176.53.0.114,Turkey
Feb 23 10:39:34,jonah,176.53.0.114,Turkey
Feb 23 10:39:37,jonah,176.53.0.114,Turkey
Feb 23 10:39:40,keiv,176.53.0.114,Turkey
Feb 23 10:39:43,keiv,176.53.0.114,Turkey
Feb 23 10:39:47,keiv,176.53.0.114,Turkey
Feb 23 10:39:50,kirk,176.53.0.114,Turkey
Feb 23 10:39:53,kirk,176.53.0.114,Turkey
Feb 23 10:39:56,kirk,176.53.0.114,Turkey
Feb 23 10:40:00,laraht,176.53.0.114,Turkey
Feb 23 10:40:03,laraht,176.53.0.114,Turkey
Feb 23 10:40:06,laraht,176.53.0.114,Turkey
Feb 23 10:40:09,openvpn,176.53.0.114,Turkey
Feb 23 10:40:12,openvpn,176.53.0.114,Turkey
Feb 23 10:40:16,openvpn,176.53.0.114,Turkey
Feb 23 10:40:19,rheal,176.53.0.114,Turkey
Feb 23 10:40:22,rheal,176.53.0.114,Turkey
Feb 23 10:40:26,rheal,176.53.0.114,Turkey
Feb 23 10:40:29,roosevelt,176.53.0.114,Turkey
Feb 23 10:40:32,roosevelt,176.53.0.114,Turkey
Feb 23 10:40:35,roosevelt,176.53.0.114,Turkey
Feb 23 10:40:39,roosevelt1,176.53.0.114,Turkey
Feb 23 10:40:43,roosevelt1,176.53.0.114,Turkey
Feb 23 10:40:46,roosevelt1,176.53.0.114,Turkey
Feb 23 10:40:50,angelo,176.53.0.114,Turkey
Feb 23 10:40:53,angelo,176.53.0.114,Turkey
Feb 23 10:40:56,angelo,176.53.0.114,Turkey
Feb 23 10:41:00,artifactory,176.53.0.114,Turkey
Feb 23 10:41:03,artifactory,176.53.0.114,Turkey
Feb 23 10:41:07,artifactory,176.53.0.114,Turkey
Feb 23 10:41:10,derek,176.53.0.114,Turkey
Feb 23 10:41:13,derek,176.53.0.114,Turkey
Feb 23 10:41:16,derek,176.53.0.114,Turkey
Feb 23 10:41:20,diella,176.53.0.114,Turkey
Feb 23 10:41:23,diella,176.53.0.114,Turkey
Feb 23 10:41:27,diella,176.53.0.114,Turkey
Feb 23 10:41:29,morag,176.53.0.114,Turkey
Feb 23 10:41:32,morag,176.53.0.114,Turkey
Feb 23 10:41:36,morag,176.53.0.114,Turkey
Feb 23 10:41:39,martin,176.53.0.114,Turkey
Feb 23 10:41:42,martin,176.53.0.114,Turkey
Feb 23 10:41:46,martin,176.53.0.114,Turkey
Feb 23 10:41:49,calzado,176.53.0.114,Turkey
Feb 23 10:41:53,calzado,176.53.0.114,Turkey
Feb 23 10:41:56,calzado,176.53.0.114,Turkey
Feb 23 10:42:00,cele,176.53.0.114,Turkey
Feb 23 10:42:03,cele,176.53.0.114,Turkey
Feb 23 10:42:06,cele,176.53.0.114,Turkey
Feb 23 10:42:09,daniel,176.53.0.114,Turkey
Feb 23 10:42:12,daniel,176.53.0.114,Turkey
Feb 23 10:42:16,daniel,176.53.0.114,Turkey
Feb 23 10:42:19,egarcia,176.53.0.114,Turkey
Feb 23 10:42:22,egarcia,176.53.0.114,Turkey
Feb 23 10:42:26,egarcia,176.53.0.114,Turkey
Feb 23 10:42:28,juliejung,176.53.0.114,Turkey
Feb 23 10:42:32,juliejung,176.53.0.114,Turkey
Feb 23 10:42:35,juliejung,176.53.0.114,Turkey
Feb 23 10:42:38,jzapata,176.53.0.114,Turkey
Feb 23 10:42:41,jzapata,176.53.0.114,Turkey
Feb 23 10:42:45,jzapata,176.53.0.114,Turkey
Feb 23 10:42:48,ltenti,176.53.0.114,Turkey
Feb 23 10:42:51,ltenti,176.53.0.114,Turkey
Feb 23 10:42:54,ltenti,176.53.0.114,Turkey
Feb 23 12:29:17,oracle,117.34.70.143,China
Feb 23 12:29:23,oracle,117.34.70.143,China
Feb 23 12:29:34,test,117.34.70.143,China
Feb 23 12:51:14,admin,185.106.94.136,Russia
Feb 23 12:51:21,admin,185.106.94.136,Russia
Feb 23 12:51:26,admin,185.106.94.136,Russia
Feb 23 12:51:37,pi,185.106.94.136,Russia
Feb 23 12:51:44,pi,185.106.94.136,Russia
Feb 23 12:51:54,pi,185.106.94.136,Russia
Feb 23 14:54:39,gits,193.137.135.2,Portugal
Feb 23 15:30:31,admin,176.108.2.80,Ukraine
Feb 23 15:30:31,admin,176.108.2.80,Ukraine
Feb 23 17:38:07,fluffy,106.3.40.84,China
Feb 23 17:38:12,ts3,106.3.40.84,China
Feb 23 17:38:23,ts3,106.3.40.84,China
Feb 23 18:17:39,test,177.55.88.2,Brazil
Feb 23 18:17:43,test,177.55.88.2,Brazil
Feb 23 18:17:47,test,177.55.88.2,Brazil
Feb 23 18:17:51,test,177.55.88.2,Brazil
Feb 23 18:17:55,test,177.55.88.2,Brazil
Feb 23 18:18:00,test,177.55.88.2,Brazil
Feb 23 18:18:04,test,177.55.88.2,Brazil
Feb 23 18:18:08,test,177.55.88.2,Brazil
Feb 23 18:18:13,test,177.55.88.2,Brazil
Feb 23 18:18:18,test0,177.55.88.2,Brazil
Feb 23 18:18:22,test1,177.55.88.2,Brazil
Feb 23 18:18:26,test2,177.55.88.2,Brazil
Feb 23 18:18:30,test3,177.55.88.2,Brazil
Feb 23 18:18:35,test4,177.55.88.2,Brazil
Feb 23 19:21:13,oracle,61.244.111.77,Hong Kong
Feb 23 19:21:18,oracle,61.244.111.77,Hong Kong
Feb 23 19:21:22,oracle,61.244.111.77,Hong Kong
Feb 23 19:21:27,oracle,61.244.111.77,Hong Kong
Feb 23 19:21:32,oracle,61.244.111.77,Hong Kong
Feb 23 19:21:50,sshbd,61.244.111.77,Hong Kong
Feb 23 19:21:54,db2fenc2,61.244.111.77,Hong Kong
Feb 23 19:21:59,db2admin,61.244.111.77,Hong Kong
Feb 23 19:22:03,jenkins,61.244.111.77,Hong Kong
Feb 23 19:22:07,hduser,61.244.111.77,Hong Kong
Feb 23 19:22:12,nodejs,61.244.111.77,Hong Kong
Feb 23 19:22:16,eggdrop,61.244.111.77,Hong Kong
Feb 23 19:22:21,oracle,61.244.111.77,Hong Kong
Feb 23 19:22:26,oracle,61.244.111.77,Hong Kong
Feb 23 19:22:30,oracle,61.244.111.77,Hong Kong
Feb 23 19:22:34,oracle,61.244.111.77,Hong Kong
Feb 23 19:22:44,oracle,61.244.111.77,Hong Kong
Feb 23 19:22:48,oracle,61.244.111.77,Hong Kong
Feb 23 19:22:53,oracle,61.244.111.77,Hong Kong
Feb 23 19:22:57,oracle,61.244.111.77,Hong Kong
Feb 23 19:23:02,oracle,61.244.111.77,Hong Kong
Feb 23 19:23:07,oracle,61.244.111.77,Hong Kong
Feb 23 19:23:12,oracle,61.244.111.77,Hong Kong
Feb 23 19:23:16,oracle,61.244.111.77,Hong Kong
Feb 23 19:23:21,oracle,61.244.111.77,Hong Kong
Feb 23 19:23:26,oracle,61.244.111.77,Hong Kong
Feb 23 19:23:31,oracle,61.244.111.77,Hong Kong
Feb 23 19:23:35,oracle,61.244.111.77,Hong Kong
Feb 23 19:23:39,oracle,61.244.111.77,Hong Kong
Feb 23 19:23:44,oracle,61.244.111.77,Hong Kong
Feb 23 19:23:49,oracle,61.244.111.77,Hong Kong
Feb 23 19:23:54,oracle,61.244.111.77,Hong Kong
Feb 23 19:23:57,ftpuser,61.244.111.77,Hong Kong
Feb 23 19:24:02,ftpuser,61.244.111.77,Hong Kong
Feb 23 19:24:07,ftpuser,61.244.111.77,Hong Kong
Feb 23 19:24:11,ftpuser,61.244.111.77,Hong Kong
Feb 23 19:24:16,ftpuser,61.244.111.77,Hong Kong
Feb 23 19:24:20,ftpuser,61.244.111.77,Hong Kong
Feb 23 19:24:25,ftpuser,61.244.111.77,Hong Kong
Feb 23 19:24:29,ftpuser,61.244.111.77,Hong Kong
Feb 23 19:24:38,ftpuser,61.244.111.77,Hong Kong
Feb 23 19:24:42,ftpuser,61.244.111.77,Hong Kong
Feb 23 19:24:46,ftpuser,61.244.111.77,Hong Kong
Feb 23 19:24:51,ftpuser,61.244.111.77,Hong Kong
Feb 23 19:24:55,ftpuser,61.244.111.77,Hong Kong
Feb 23 19:25:00,ftpuser,61.244.111.77,Hong Kong
Feb 23 19:25:04,ftpuser,61.244.111.77,Hong Kong
Feb 23 19:25:09,ftpuser,61.244.111.77,Hong Kong
Feb 23 19:25:14,ftpuser,61.244.111.77,Hong Kong
Feb 23 19:25:18,ftpuser,61.244.111.77,Hong Kong
Feb 23 19:25:23,ftpuser,61.244.111.77,Hong Kong
Feb 23 19:25:27,ftpuser,61.244.111.77,Hong Kong
Feb 23 19:25:31,ftpuser,61.244.111.77,Hong Kong
Feb 23 19:25:36,ubuntu,61.244.111.77,Hong Kong
Feb 23 19:25:39,ubuntu,61.244.111.77,Hong Kong
Feb 23 19:25:44,ubuntu,61.244.111.77,Hong Kong
Feb 23 19:25:48,ubuntu,61.244.111.77,Hong Kong
Feb 23 19:25:53,ubuntu,61.244.111.77,Hong Kong
Feb 23 19:25:57,ubuntu,61.244.111.77,Hong Kong
Feb 23 19:26:02,ubuntu,61.244.111.77,Hong Kong
Feb 23 19:26:06,ubuntu,61.244.111.77,Hong Kong
Feb 23 19:26:10,ubuntu,61.244.111.77,Hong Kong
Feb 23 19:26:15,ubuntu,61.244.111.77,Hong Kong
Feb 23 19:26:20,ubuntu,61.244.111.77,Hong Kong
Feb 23 19:26:24,ubuntu,61.244.111.77,Hong Kong
Feb 23 19:26:28,etherpad,61.244.111.77,Hong Kong
Feb 23 19:26:36,csgoserver,61.244.111.77,Hong Kong
Feb 23 19:26:41,grid,61.244.111.77,Hong Kong
Feb 23 19:26:45,grid,61.244.111.77,Hong Kong
Feb 23 19:26:50,nodejs,61.244.111.77,Hong Kong
Feb 23 19:26:54,deploy,61.244.111.77,Hong Kong
Feb 23 19:26:58,common,61.244.111.77,Hong Kong
Feb 23 19:27:03,amsftp,61.244.111.77,Hong Kong
Feb 23 23:34:07,oracle,40.118.70.73,Netherlands
Feb 23 23:34:09,oracle,40.118.70.73,Netherlands
Feb 23 23:34:16,nagios,40.118.70.73,Netherlands
Feb 23 23:34:19,postgres,40.118.70.73,Netherlands
Feb 23 23:34:21,dev,40.118.70.73,Netherlands
Feb 23 23:34:24,vagrant,40.118.70.73,Netherlands
Feb 23 23:34:26,hadoop,40.118.70.73,Netherlands
Feb 23 23:34:29,deploy,40.118.70.73,Netherlands
Feb 23 23:34:31,ftpuser,40.118.70.73,Netherlands
Feb 23 23:34:33,ftpuser,40.118.70.73,Netherlands
Feb 23 23:34:36,notes,40.118.70.73,Netherlands
Feb 23 23:34:38,upload,40.118.70.73,Netherlands
Feb 23 23:34:40,diego,40.118.70.73,Netherlands
Feb 23 23:34:43,debian,40.118.70.73,Netherlands
Feb 23 23:34:45,tomcat,40.118.70.73,Netherlands
Feb 23 23:34:48,ubuntu,40.118.70.73,Netherlands
Feb 23 23:34:50,demo,40.118.70.73,Netherlands
Feb 24 00:45:33,pi,198.12.148.138,United States
Feb 24 00:45:36,pi,198.12.148.138,United States
Feb 24 00:45:44,vagrant,198.12.148.138,United States
Feb 24 00:45:48,pi,198.12.148.138,United States
Feb 24 00:45:58,raspberry,198.12.148.138,United States
Feb 24 00:46:02,ubnt,198.12.148.138,United States
Feb 24 00:46:06,admin,198.12.148.138,United States
Feb 24 00:46:16,support,198.12.148.138,United States
Feb 24 00:46:20,user,198.12.148.138,United States
Feb 24 00:46:23,admin,198.12.148.138,United States
Feb 24 00:46:28,admin,198.12.148.138,United States
Feb 24 00:46:39,admin,198.12.148.138,United States
Feb 24 00:46:46,admin,198.12.148.138,United States
Feb 24 00:46:50,test,198.12.148.138,United States
Feb 24 18:49:38,a,181.112.229.30,Ecuador
Feb 24 18:49:46,sps,181.112.229.30,Ecuador
Feb 24 18:49:50,sps,181.112.229.30,Ecuador
Feb 24 18:49:54,fmaster,181.112.229.30,Ecuador
Feb 24 18:49:59,fmaster,181.112.229.30,Ecuador
Feb 24 18:50:03,db2fenc1,181.112.229.30,Ecuador
Feb 24 18:50:07,db2inst1,181.112.229.30,Ecuador
Feb 24 18:50:11,db2inst,181.112.229.30,Ecuador
Feb 24 18:50:15,db2inst,181.112.229.30,Ecuador
Feb 24 18:50:19,db2fenc,181.112.229.30,Ecuador
Feb 24 18:50:23,db2fmp,181.112.229.30,Ecuador
Feb 24 18:50:27,db3inst3,181.112.229.30,Ecuador
Feb 24 18:50:31,db3inst3,181.112.229.30,Ecuador
Feb 24 18:50:35,vnc,181.112.229.30,Ecuador
Feb 24 18:50:39,vnc,181.112.229.30,Ecuador
Feb 24 18:50:42,bitrix,181.112.229.30,Ecuador
Feb 24 18:50:46,wildfly,181.112.229.30,Ecuador
Feb 24 18:50:50,rsync,181.112.229.30,Ecuador
Feb 24 18:50:54,yuri,181.112.229.30,Ecuador
Feb 24 18:50:57,yuri,181.112.229.30,Ecuador
Feb 24 18:51:09,ansible,181.112.229.30,Ecuador
Feb 24 18:51:13,jenkins,181.112.229.30,Ecuador
Feb 24 18:51:17,bitrix,181.112.229.30,Ecuador
Feb 24 18:51:21,nagios,181.112.229.30,Ecuador
Feb 24 18:51:25,sergey,181.112.229.30,Ecuador
Feb 24 18:51:29,sergey,181.112.229.30,Ecuador
Feb 24 18:51:32,bitrix,181.112.229.30,Ecuador
Feb 24 18:51:33,nmis,213.248.45.100,Russia
Feb 24 18:51:36,bitrix,181.112.229.30,Ecuador
Feb 24 18:51:40,bitrix,181.112.229.30,Ecuador
Feb 24 18:51:44,pavlov,181.112.229.30,Ecuador
Feb 24 18:51:47,olga,181.112.229.30,Ecuador
Feb 24 18:51:51,alex,181.112.229.30,Ecuador
Feb 24 18:51:55,elena,181.112.229.30,Ecuador
Feb 24 18:51:59,kirill,181.112.229.30,Ecuador
Feb 24 18:52:03,evn,181.112.229.30,Ecuador
Feb 24 18:52:06,serg,181.112.229.30,Ecuador
Feb 24 18:52:11,newadmin,181.112.229.30,Ecuador
Feb 24 18:52:15,bitrix,181.112.229.30,Ecuador
Feb 24 18:52:18,bitrix,181.112.229.30,Ecuador
Feb 24 18:52:22,popov,181.112.229.30,Ecuador
Feb 24 18:52:26,postgres,181.112.229.30,Ecuador
Feb 24 18:52:29,plex,181.112.229.30,Ecuador
Feb 24 18:52:33,andrew,181.112.229.30,Ecuador
Feb 24 18:52:37,rtorrent,181.112.229.30,Ecuador
Feb 24 18:52:41,vncuser,181.112.229.30,Ecuador
Feb 24 18:52:45,wordpress,181.112.229.30,Ecuador
Feb 24 18:52:49,phpmy,181.112.229.30,Ecuador
Feb 24 18:52:53,phpmy,181.112.229.30,Ecuador
Feb 24 18:52:57,steam,181.112.229.30,Ecuador
Feb 24 18:53:00,steam,181.112.229.30,Ecuador
Feb 24 18:53:04,deploy,181.112.229.30,Ecuador
Feb 24 18:53:08,deploy,181.112.229.30,Ecuador
Feb 24 18:53:11,minecraft,181.112.229.30,Ecuador
Feb 24 18:53:15,minecraft,181.112.229.30,Ecuador
Feb 24 18:53:19,teamspeak,181.112.229.30,Ecuador
Feb 24 18:53:23,teamspeak3,181.112.229.30,Ecuador
Feb 24 18:53:27,teamspeak,181.112.229.30,Ecuador
Feb 24 18:53:31,teamspeak3,181.112.229.30,Ecuador
Feb 24 18:53:35,ts3,181.112.229.30,Ecuador
Feb 24 18:53:39,ts,181.112.229.30,Ecuador
Feb 24 18:53:43,ts,181.112.229.30,Ecuador
Feb 24 18:53:47,ts3serv,181.112.229.30,Ecuador
Feb 24 18:53:51,csgo,181.112.229.30,Ecuador
Feb 24 18:53:54,minecraft,181.112.229.30,Ecuador
Feb 24 18:53:59,minecraft,181.112.229.30,Ecuador
Feb 24 18:54:03,mineraft,181.112.229.30,Ecuador
Feb 24 18:54:06,minecraft,181.112.229.30,Ecuador
Feb 24 18:54:10,hadoop,181.112.229.30,Ecuador
Feb 24 18:54:14,bitrix24,181.112.229.30,Ecuador
Feb 24 18:54:17,sysdba,181.112.229.30,Ecuador
Feb 24 18:54:21,sphinx,181.112.229.30,Ecuador
Feb 24 18:54:25,mailer,181.112.229.30,Ecuador
Feb 24 18:54:29,mailer,181.112.229.30,Ecuador
Feb 24 18:54:33,tarsys,181.112.229.30,Ecuador
Feb 24 18:54:37,teamspeak,181.112.229.30,Ecuador
Feb 24 18:54:41,ts,181.112.229.30,Ecuador
Feb 24 18:54:45,ubuntu,181.112.229.30,Ecuador
Feb 24 18:54:49,informix,181.112.229.30,Ecuador
Feb 24 18:54:52,shoutcast,181.112.229.30,Ecuador
Feb 24 18:54:56,morgan,181.112.229.30,Ecuador
Feb 24 18:55:00,ts3,181.112.229.30,Ecuador
Feb 24 18:55:04,sunrise,181.112.229.30,Ecuador
Feb 24 18:55:08,tedial,181.112.229.30,Ecuador
Feb 24 18:55:11,gateway,181.112.229.30,Ecuador
Feb 24 18:55:15,nexus,181.112.229.30,Ecuador
Feb 24 18:55:19,craft,181.112.229.30,Ecuador
Feb 24 18:55:24,centos,181.112.229.30,Ecuador
Feb 24 18:55:28,sftp,181.112.229.30,Ecuador
Feb 24 18:55:32,craft,181.112.229.30,Ecuador
Feb 24 18:55:35,john,181.112.229.30,Ecuador
Feb 24 18:55:39,radio,181.112.229.30,Ecuador
Feb 24 18:55:43,radio,181.112.229.30,Ecuador
Feb 24 18:55:47,ts3,181.112.229.30,Ecuador
Feb 24 19:16:13,ADMIN,180.210.201.112,Singapore
Feb 24 19:16:17,ADMIN,180.210.201.112,Singapore
Feb 24 19:16:23,ADMIN,180.210.201.112,Singapore
Feb 24 19:16:28,ADMIN,180.210.201.112,Singapore
Feb 24 19:16:33,ADMIN,180.210.201.112,Singapore
Feb 24 19:22:17,css,213.248.45.100,Russia
Feb 24 19:46:42,ADMIN,110.164.82.2,Thailand
Feb 24 19:46:48,ADMIN,110.164.82.2,Thailand
Feb 24 19:46:54,ADMIN,110.164.82.2,Thailand
Feb 24 19:46:59,ADMIN,110.164.82.2,Thailand
Feb 24 19:47:05,ADMIN,110.164.82.2,Thailand
Feb 24 19:52:57,admin,213.248.45.100,Russia
Feb 24 20:23:38,help,213.248.45.100,Russia
Feb 24 20:54:21,anonymous,213.248.45.100,Russia
Feb 24 21:22:28,nmis,83.137.145.201,Netherlands
Feb 24 21:25:05,hscroot,213.248.45.100,Russia
Feb 24 21:52:02,css,83.137.145.201,Netherlands
Feb 24 21:55:47,adm,213.248.45.100,Russia
Feb 24 22:21:32,admin,83.137.145.201,Netherlands
Feb 24 22:51:04,help,83.137.145.201,Netherlands
Feb 24 22:57:03,noah,213.248.45.100,Russia
Feb 24 23:20:35,anonymous,83.137.145.201,Netherlands
Feb 24 23:27:39,bot,213.248.45.100,Russia
Feb 24 23:50:02,hscroot,83.137.145.201,Netherlands
Feb 25 00:04:34,admin,185.110.132.54,Russia
Feb 25 00:05:13,support,185.110.132.54,Russia
Feb 25 00:05:53,user,185.110.132.54,Russia
Feb 25 00:19:33,adm,83.137.145.201,Netherlands
Feb 25 00:28:55,kayden,213.248.45.100,Russia
Feb 25 01:18:35,noah,83.137.145.201,Netherlands
Feb 25 01:30:09,pi,213.248.45.100,Russia
Feb 25 01:48:05,bot,83.137.145.201,Netherlands
Feb 25 02:00:43,oliver,213.248.45.100,Russia
Feb 25 02:47:05,kayden,83.137.145.201,Netherlands
Feb 25 03:01:50,bitrix,213.248.45.100,Russia
Feb 25 03:32:19,postgres,213.248.45.100,Russia
Feb 25 03:46:08,pi,83.137.145.201,Netherlands
Feb 25 04:02:49,evan,213.248.45.100,Russia
Feb 25 04:15:36,oliver,83.137.145.201,Netherlands
Feb 25 04:33:20,weblogic,213.248.45.100,Russia
Feb 25 05:03:50,account,213.248.45.100,Russia
Feb 25 05:14:32,bitrix,83.137.145.201,Netherlands
Feb 25 05:34:20,matthew,213.248.45.100,Russia
Feb 25 05:43:55,postgres,83.137.145.201,Netherlands
Feb 25 06:04:50,pi,213.248.45.100,Russia
Feb 25 06:13:24,evan,83.137.145.201,Netherlands
Feb 25 06:42:53,weblogic,83.137.145.201,Netherlands
Feb 25 07:06:00,netapp,213.248.45.100,Russia
Feb 25 07:12:19,account,83.137.145.201,Netherlands
Feb 25 07:36:28,william,213.248.45.100,Russia
Feb 25 07:41:46,matthew,83.137.145.201,Netherlands
Feb 25 08:06:59,plexuser,213.248.45.100,Russia
Feb 25 08:11:14,pi,83.137.145.201,Netherlands
Feb 25 08:37:29,student,213.248.45.100,Russia
Feb 25 08:48:02,oliver,186.129.255.157,Argentina
Feb 25 09:08:01,cisco,213.248.45.100,Russia
Feb 25 09:10:06,netapp,83.137.145.201,Netherlands
Feb 25 09:36:54,oracle,40.83.8.192,United States
Feb 25 09:36:57,oracle,40.83.8.192,United States
Feb 25 09:37:08,nagios,40.83.8.192,United States
Feb 25 09:37:11,postgres,40.83.8.192,United States
Feb 25 09:37:14,dev,40.83.8.192,United States
Feb 25 09:37:17,vagrant,40.83.8.192,United States
Feb 25 09:37:20,hadoop,40.83.8.192,United States
Feb 25 09:37:24,deploy,40.83.8.192,United States
Feb 25 09:37:26,ftpuser,40.83.8.192,United States
Feb 25 09:37:30,ftpuser,40.83.8.192,United States
Feb 25 09:37:33,notes,40.83.8.192,United States
Feb 25 09:37:36,upload,40.83.8.192,United States
Feb 25 09:37:40,diego,40.83.8.192,United States
Feb 25 09:37:43,debian,40.83.8.192,United States
Feb 25 09:37:46,tomcat,40.83.8.192,United States
Feb 25 09:37:48,ubuntu,40.83.8.192,United States
Feb 25 09:37:52,demo,40.83.8.192,United States
Feb 25 09:38:32,anon,213.248.45.100,Russia
Feb 25 09:39:33,william,83.137.145.201,Netherlands
Feb 25 10:09:00,plexuser,83.137.145.201,Netherlands
Feb 25 10:38:27,student,83.137.145.201,Netherlands
Feb 25 10:39:30,mason,213.248.45.100,Russia
Feb 25 11:07:55,cisco,83.137.145.201,Netherlands
Feb 25 11:09:54,webftp,213.248.45.100,Russia
Feb 25 11:37:20,anon,83.137.145.201,Netherlands
Feb 25 11:40:22,leo,213.248.45.100,Russia
Feb 25 12:10:50,john,213.248.45.100,Russia
Feb 25 12:36:17,mason,83.137.145.201,Netherlands
Feb 25 12:40:21,admin,185.106.94.232,Russia
Feb 25 12:40:26,admin,185.106.94.232,Russia
Feb 25 12:40:30,test,185.106.94.232,Russia
Feb 25 12:40:39,user,185.106.94.232,Russia
Feb 25 12:40:42,admin,185.106.94.232,Russia
Feb 25 12:40:45,admin,185.106.94.232,Russia
Feb 25 12:41:17,alexander,213.248.45.100,Russia
Feb 25 13:05:48,webftp,83.137.145.201,Netherlands
Feb 25 13:11:52,elijah,213.248.45.100,Russia
Feb 25 13:34:26,xxxxxxxx,218.200.188.213,China
Feb 25 13:34:30,hexin,218.200.188.213,China
Feb 25 13:34:35,sonar,218.200.188.213,China
Feb 25 13:34:40,tuxedo,218.200.188.213,China
Feb 25 13:34:45,nexus,218.200.188.213,China
Feb 25 13:34:50,redmine,218.200.188.213,China
Feb 25 13:34:55,openerp,218.200.188.213,China
Feb 25 13:35:00,jenkins,218.200.188.213,China
Feb 25 13:35:05,treino,218.200.188.213,China
Feb 25 13:35:11,chemistry,218.200.188.213,China
Feb 25 13:35:15,glassfish,218.200.188.213,China
Feb 25 13:35:20,leo,83.137.145.201,Netherlands
Feb 25 13:35:20,garrysmod,218.200.188.213,China
Feb 25 13:35:25,sunrise,218.200.188.213,China
Feb 25 13:35:30,sshuser,218.200.188.213,China
Feb 25 13:35:35,tarsys,218.200.188.213,China
Feb 25 13:35:40,hduser,218.200.188.213,China
Feb 25 13:35:45,trobz,218.200.188.213,China
Feb 25 13:35:51,wildfly,218.200.188.213,China
Feb 25 13:35:56,tedial,218.200.188.213,China
Feb 25 13:36:02,rsync,218.200.188.213,China
Feb 25 13:36:06,plex,218.200.188.213,China
Feb 25 13:36:12,ibmuser,218.200.188.213,China
Feb 25 13:42:28,live,213.248.45.100,Russia
Feb 25 14:04:54,john,83.137.145.201,Netherlands
Feb 25 14:13:05,anthony,213.248.45.100,Russia
Feb 25 14:34:26,alexander,83.137.145.201,Netherlands
Feb 25 14:44:58,pi,192.187.103.138,United States
Feb 25 14:45:01,ubnt,192.187.103.138,United States
Feb 25 15:03:59,elijah,83.137.145.201,Netherlands
Feb 25 15:17:26,admin,213.248.45.100,Russia
Feb 25 15:33:46,live,83.137.145.201,Netherlands
Feb 25 15:48:06,tc,213.248.45.100,Russia
Feb 25 16:03:19,anthony,83.137.145.201,Netherlands
Feb 25 16:18:49,toto,213.248.45.100,Russia
Feb 25 17:05:43,admin,83.137.145.201,Netherlands
Feb 25 17:35:20,tc,83.137.145.201,Netherlands
Feb 25 17:51:54,borhen,104.200.134.200,United States
Feb 25 17:53:53,vagrant,213.248.45.100,Russia
Feb 25 17:56:46,admin,185.106.94.232,Russia
Feb 25 17:56:53,admin,185.106.94.232,Russia
Feb 25 17:56:56,test,185.106.94.232,Russia
Feb 25 17:57:03,user,185.106.94.232,Russia
Feb 25 17:57:06,admin,185.106.94.232,Russia
Feb 25 17:57:09,admin,185.106.94.232,Russia
Feb 25 18:04:55,toto,83.137.145.201,Netherlands
Feb 25 18:20:20,oracle,104.209.141.122,United States
Feb 25 18:20:23,oracle,104.209.141.122,United States
Feb 25 18:20:31,nagios,104.209.141.122,United States
Feb 25 18:20:34,postgres,104.209.141.122,United States
Feb 25 18:20:38,dev,104.209.141.122,United States
Feb 25 18:20:41,vagrant,104.209.141.122,United States
Feb 25 18:20:44,hadoop,104.209.141.122,United States
Feb 25 18:20:47,deploy,104.209.141.122,United States
Feb 25 18:20:50,ftpuser,104.209.141.122,United States
Feb 25 18:20:53,ftpuser,104.209.141.122,United States
Feb 25 18:20:55,notes,104.209.141.122,United States
Feb 25 18:20:58,upload,104.209.141.122,United States
Feb 25 18:21:02,diego,104.209.141.122,United States
Feb 25 18:21:05,debian,104.209.141.122,United States
Feb 25 18:21:07,tomcat,104.209.141.122,United States
Feb 25 18:21:10,ubuntu,104.209.141.122,United States
Feb 25 18:21:14,demo,104.209.141.122,United States
Feb 25 18:24:36,isaiah,213.248.45.100,Russia
Feb 25 19:25:57,pi,213.248.45.100,Russia
Feb 25 19:36:54,vagrant,83.137.145.201,Netherlands
Feb 25 19:56:33,james,213.248.45.100,Russia
Feb 25 20:01:14,ADMIN,110.164.82.2,Thailand
Feb 25 20:01:19,ADMIN,110.164.82.2,Thailand
Feb 25 20:01:24,ADMIN,110.164.82.2,Thailand
Feb 25 20:01:29,ADMIN,110.164.82.2,Thailand
Feb 25 20:01:35,ADMIN,110.164.82.2,Thailand
Feb 25 20:06:28,isaiah,83.137.145.201,Netherlands
Feb 25 20:57:41,jacob,213.248.45.100,Russia
Feb 25 21:05:37,pi,83.137.145.201,Netherlands
Feb 25 21:28:13,proftpd,213.248.45.100,Russia
Feb 25 21:35:20,james,83.137.145.201,Netherlands
Feb 25 21:58:44,dms,213.248.45.100,Russia
Feb 25 22:22:12,ubnt,46.16.37.236,United Kingdom
Feb 25 22:22:17,admin,46.16.37.236,United Kingdom
Feb 25 22:22:28,admin,46.16.37.236,United Kingdom
Feb 25 22:22:31,support,46.16.37.236,United Kingdom
Feb 25 22:22:34,test,46.16.37.236,United Kingdom
Feb 25 22:22:37,user,46.16.37.236,United Kingdom
Feb 25 22:22:41,admin,46.16.37.236,United Kingdom
Feb 25 22:22:45,test,46.16.37.236,United Kingdom
Feb 25 22:22:53,PlcmSpIp,46.16.37.236,United Kingdom
Feb 25 22:22:57,ftpuser,46.16.37.236,United Kingdom
Feb 25 22:23:00,ftp,46.16.37.236,United Kingdom
Feb 25 22:23:04,sales,46.16.37.236,United Kingdom
Feb 25 22:23:08,operator,46.16.37.236,United Kingdom
Feb 25 22:23:11,pi,46.16.37.236,United Kingdom
Feb 25 22:23:15,cop,46.16.37.236,United Kingdom
Feb 25 22:23:30,manager,46.16.37.236,United Kingdom
Feb 25 22:23:34,user,46.16.37.236,United Kingdom
Feb 25 22:29:15,admin,213.248.45.100,Russia
Feb 25 22:34:47,jacob,83.137.145.201,Netherlands
Feb 25 22:59:47,administrateur,213.248.45.100,Russia
Feb 25 23:04:30,proftpd,83.137.145.201,Netherlands
Feb 25 23:34:12,dms,83.137.145.201,Netherlands
Feb 25 23:37:32,admin,94.53.53.40,Romania
Feb 25 23:37:38,administrator,94.53.53.40,Romania
Feb 25 23:38:02,support,94.53.53.40,Romania
Feb 25 23:38:07,ubnt,94.53.53.40,Romania
Feb 25 23:38:13,admin,94.53.53.40,Romania
Feb 25 23:38:42,admin,94.53.53.40,Romania
Feb 25 23:38:59,admin,94.53.53.40,Romania
Feb 25 23:39:04,admin,94.53.53.40,Romania
Feb 25 23:39:09,fax,94.53.53.40,Romania
Feb 25 23:39:15,PlcmSpIp,94.53.53.40,Romania
Feb 25 23:39:20,vyatta,94.53.53.40,Romania
Feb 25 23:39:25,ftpuser,94.53.53.40,Romania
Feb 25 23:39:31,pi,94.53.53.40,Romania
Feb 25 23:39:37,kelly,94.53.53.40,Romania
Feb 25 23:39:43,www,94.53.53.40,Romania
Feb 25 23:39:48,helpdesk,94.53.53.40,Romania
Feb 25 23:39:54,user,94.53.53.40,Romania
Feb 25 23:39:59,test,94.53.53.40,Romania
Feb 25 23:40:06,test,94.53.53.40,Romania
Feb 25 23:40:17,ems,94.53.53.40,Romania
Feb 25 23:40:23,lpa,94.53.53.40,Romania
Feb 25 23:40:29,sales,94.53.53.40,Romania
Feb 25 23:40:34,apache,94.53.53.40,Romania
Feb 25 23:40:44,admin,94.53.53.40,Romania
Feb 25 23:40:54,office,94.53.53.40,Romania
Feb 25 23:41:00,info,94.53.53.40,Romania
Feb 25 23:41:11,spam,94.53.53.40,Romania
Feb 25 23:41:17,info,94.53.53.40,Romania
Feb 25 23:41:21,new,94.53.53.40,Romania
Feb 25 23:41:25,boss,94.53.53.40,Romania
Feb 25 23:41:30,PlcmSpIp,94.53.53.40,Romania
Feb 25 23:41:36,oracle,94.53.53.40,Romania
Feb 25 23:41:46,PlcmSpIp2,94.53.53.40,Romania
Feb 25 23:41:50,postgres,94.53.53.40,Romania
Feb 25 23:41:55,alex,94.53.53.40,Romania
Feb 25 23:42:01,nagios,94.53.53.40,Romania
Feb 25 23:42:05,ftp,94.53.53.40,Romania
Feb 25 23:42:10,PlcmSpIp1,94.53.53.40,Romania
Feb 25 23:42:14,john,94.53.53.40,Romania
Feb 25 23:42:19,administrator,94.53.53.40,Romania
Feb 25 23:42:23,ftpuser,94.53.53.40,Romania
Feb 25 23:42:27,pi,94.53.53.40,Romania
Feb 25 23:42:31,postfix,94.53.53.40,Romania
Feb 25 23:42:35,lpd,94.53.53.40,Romania
Feb 25 23:42:40,logout,94.53.53.40,Romania
Feb 25 23:42:44,url,94.53.53.40,Romania
Feb 25 23:42:49,testuser,94.53.53.40,Romania
Feb 25 23:42:54,webmaster,94.53.53.40,Romania
Feb 25 23:42:59,adm,94.53.53.40,Romania
Feb 25 23:43:08,xbian,94.53.53.40,Romania
Feb 26 00:00:46,recruit,213.248.45.100,Russia
Feb 26 00:03:54,admin,83.137.145.201,Netherlands
Feb 26 00:31:16,openfiler,213.248.45.100,Russia
Feb 26 00:33:37,administrateur,83.137.145.201,Netherlands
Feb 26 01:01:52,cubie,213.248.45.100,Russia
Feb 26 01:33:04,recruit,83.137.145.201,Netherlands
Feb 26 02:02:45,openfiler,83.137.145.201,Netherlands
Feb 26 02:02:54,lsfadmin,213.248.45.100,Russia
Feb 26 02:32:26,cubie,83.137.145.201,Netherlands
Feb 26 02:33:26,andrew,213.248.45.100,Russia
Feb 26 03:31:53,lsfadmin,83.137.145.201,Netherlands
Feb 26 03:34:31,radio,213.248.45.100,Russia
Feb 26 04:01:31,andrew,83.137.145.201,Netherlands
Feb 26 05:00:49,radio,83.137.145.201,Netherlands
Feb 26 05:05:57,kevin,213.248.45.100,Russia
Feb 26 05:36:24,kodi,213.248.45.100,Russia
Feb 26 05:55:13,Dup,195.22.126.222,Poland
Feb 26 06:06:55,suser,213.248.45.100,Russia
Feb 26 06:29:42,kevin,83.137.145.201,Netherlands
Feb 26 06:59:18,kodi,83.137.145.201,Netherlands
Feb 26 07:07:51,info,213.248.45.100,Russia
Feb 26 07:28:54,suser,83.137.145.201,Netherlands
Feb 26 08:08:45,project,213.248.45.100,Russia
Feb 26 08:39:15,clfs,213.248.45.100,Russia
Feb 26 09:09:46,Cisco,213.248.45.100,Russia
Feb 26 09:40:15,levi,213.248.45.100,Russia
Feb 26 09:43:51,a,115.231.180.18,China
Feb 26 09:44:00,oracle,115.231.180.18,China
Feb 26 10:10:45,server,213.248.45.100,Russia
Feb 26 10:41:15,squid,213.248.45.100,Russia
Feb 26 11:42:19,ian,213.248.45.100,Russia
Feb 26 12:12:49,david,213.248.45.100,Russia
Feb 26 12:43:43,sysadmin,213.248.45.100,Russia
Feb 26 13:16:41,cameron,213.248.45.100,Russia
Feb 26 13:47:57,ts3,213.248.45.100,Russia
Feb 26 14:18:45,admin,213.248.45.100,Russia
Feb 26 14:49:25,wyatt,213.248.45.100,Russia
Feb 26 15:20:00,test,213.248.45.100,Russia
Feb 26 15:39:22,temp,177.55.88.2,Brazil
Feb 26 15:49:51,oracle,177.55.88.2,Brazil
Feb 26 16:00:20,postgres,177.55.88.2,Brazil
Feb 26 16:21:09,jaxon,213.248.45.100,Russia
Feb 26 16:21:11,test,177.55.88.2,Brazil
Feb 26 16:31:39,nagios,177.55.88.2,Brazil
Feb 26 16:51:45,jayden,213.248.45.100,Russia
Feb 26 17:22:18,teamspeak3,213.248.45.100,Russia
Feb 26 18:23:25,admin,213.248.45.100,Russia
Feb 26 18:54:01,user,213.248.45.100,Russia
Feb 26 19:24:35,admin,213.248.45.100,Russia
Feb 26 19:31:23,ubnt,185.106.92.14,Russia
Feb 26 19:31:29,user,185.106.92.14,Russia
Feb 26 19:31:44,ubnt,185.106.92.14,Russia
Feb 26 19:55:09,unknown,213.248.45.100,Russia
Feb 26 20:25:39,luke,213.248.45.100,Russia
Feb 26 20:54:25,admin,193.201.225.24,Ukraine
Feb 26 20:54:40,admin,193.201.225.24,Ukraine
Feb 26 20:56:09,brandon,213.248.45.100,Russia
Feb 26 21:26:35,android,213.248.45.100,Russia
Feb 26 21:57:05,tecmint,213.248.45.100,Russia
